Country Code,S&P Rating,Moody's Rating,Fitch Rating,2012-debt,2013-debt,2012-inflation,2013-inflation
IL,A+,A1,A,,,3.88661836495,2.15155411654
PL,A-,A2,A-,55.1550283857,55.5915720253,2.38650802749,0.409000235284
MY,A-,A3,A-,51.6464847913,,0.999828314284,0.176055065452
SI,A-,Baa2,A-,,,0.264514703399,0.842087443209
IT,BBB+,Baa2,A-,126.925184181,134.653501652,1.38114268949,1.28823152354
CZ,AA-,A1,A+,40.8234899747,,1.38760229632,1.41397712349
EE,AA-,A1,A+,0.625414512373,0.629979215471,2.70706211941,3.97260057096
SK,A,A2,A+,53.3098562546,63.2000140638,1.26317148172,0.5186597293
MT,BBB+,A3,A+,87.1305762888,88.2982265304,2.18297039474,2.09339106321
CL,AA-,Aa3,A+,,,0.850030552878,1.89505575915
CN,AA-,Aa3,A+,,,2.39215148347,2.23496547651
JP,AA-,Aa3,A+,195.563178579,201.129282191,-0.93118256661,-0.548427376275
SY,AA-,Aa3,A+,,,,
KW,AA,Aa2,AA,,,7.48670294874,0.223535798421
BM,AA-,Aa2,AA,,,4.82961239242,3.24589656193
AE,,Aa2,AA,,1.90764457303,0.235535864681,-0.609568487313
BE,AA,Aa3,AA,103.81392068,101.545211555,2.03844739228,1.34608781703
NZ,AA,Aaa,AA,67.9392849534,60.1905729362,0.0282862694343,4.04617329674
SA,AA-,Aa3,AA-,,,4.02515280944,-1.22300404107
HK,AAA,Aa1,AA+,,,3.54481192242,1.85836541799
FR,AA+,Aa1,AAA,88.9239643514,88.524566928,1.15764891532,0.758611123319
GB,AAA,Aa1,AAA,101.950921594,98.2639835523,1.6257070172,1.98503391471
AT,AA+,Aaa,AAA,85.3833056905,83.4110019234,1.95783707973,1.51030894341
AU,AAA,Aaa,AAA,40.4096305063,38.3391837878,2.05591428036,-0.19937132432
CA,AAA,Aaa,AAA,52.1085850588,48.84386028,1.50655809272,1.38347683337
DK,AAA,Aaa,AAA,49.3711360584,46.5686630517,2.49193829676,1.54440540292
FI,AAA,Aaa,AAA,52.4653015871,53.6881667924,2.95356439474,2.62717998442
DE,AAA,Aaa,AAA,55.2278518691,52.3337185641,1.50282478489,2.09024073135
LU,AAA,Aaa,AAA,20.1466199376,,4.07194874443,2.35983664778
NL,AAA,Aaa,AAA,68.5363721472,68.2729078738,1.41967167415,1.38464845116
NO,AAA,Aaa,AAA,20.7749338326,20.9531344652,3.36352760048,2.73119095331
SG,AAA,Aaa,AAA,109.744005851,,1.15954232932,-0.0611489689761
SE,AAA,Aaa,AAA,42.0213308728,41.9805889214,1.06120113378,1.05542694305
CH,AAA,Aaa,AAA,,,-0.213599135172,-0.0197627653501
LB,B,B1,B,,,5.47945205495,1.73986653598
DO,B+,B1,B,,,4.42475307521,2.70928896193
UA,B,B3,B,33.7030859227,,7.83653652165,4.3091290546
EG,B-,B3,B,,,18.2288988843,9.00384274313
CY,CCC+,Caa3,B,119.560911251,145.848708589,2.04518925066,-1.37369785764
CM,B,,B,,,2.99789436912,2.39151907262
RW,B,,B,,,5.99904397706,4.76531121784
MZ,B+,,B,,,5.85460873453,3.91751428062
UG,B+,,B,33.2117956197,,20.8845156589,4.14086321347
SC,,,B,72.9926551788,,11.0821098499,2.66512548123
EC,B,Caa1,B-,,,4.98525306124,3.09797623576
GH,B,B1,B+,,,15.2055712917,15.5810772645
KE,B+,B1,B+,,,9.38283844192,5.04738234424
ZW,B+,B1,B+,,,2.30267738308,4.18437637325
MN,BB-,B1,B+,,,12.7843793992,2.60999369591
VU,B+,B2,B+,,,0.413713212894,2.65712003478
VN,BB-,B2,B+,,,10.9259939059,4.76065483993
CV,B+,,B+,,,0.552996009299,0.472043390013
SV,BB-,Ba3,BB,,55.857483707,1.01537005641,0.40156886607
LK,B+,B1,BB-,68.7104042215,,10.8284843843,6.236915198
AM,,Ba2,BB-,,,5.34580441587,3.36682464224
AO,BB-,Ba3,BB-,,,,
BT,BB-,Ba3,BB-,,,9.18073918721,5.86439467644
GE,BB-,Ba3,BB-,32.5306981139,,1.23147345562,-0.697828336675
NG,BB-,Ba3,BB-,10.4193368479,,9.27124466929,5.87329563137
PY,BB-,Ba3,BB-,,,4.74734472121,0.841190350089
SR,BB-,Ba3,BB-,,,10.3260985275,0.187247462304
GA,BB-,,BB-,,,-2.9419027064,-6.15782613201
RS,BB-,,BB-,,,6.26358236934,5.439829408
GT,BB,Ba1,BB+,24.3112739286,,3.32249975097,3.36643625164
HU,BB,Ba1,BB+,94.2802104619,94.5378189693,3.50419462567,3.07216118856
PH,BB+,Ba1,BB+,51.4824181484,,1.96839268141,2.08808765939
PT,BB,Ba3,BB+,133.88160875,138.046002848,-0.397566920874,2.26704751137
CR,BB,Baa3,BB+,,,3.88509324464,4.42196730185
TN,BB-,Baa3,BB+,44.5735240919,,4.85035680513,5.10364197178
UY,BBB-,Baa3,BB+,43.3025365153,,9.03702415162,7.41482174995
MKD,BB,,BB+,,,,
BH,BBB,Baa1,BBB,,,2.22721341495,1.46914347241
LT,BBB,Baa1,BBB,46.9998411138,43.760499512,2.68775200874,1.29176258801
MX,BBB,Baa1,BBB,,,3.21019348679,1.64504201313
RO,BBB,Baa1,BBB,41.4859518856,41.4945126369,4.91666925081,3.20988385449
ZA,BBB,Baa1,BBB,,,5.51222647181,5.98563514559
TH,BBB+,Baa1,BBB,28.4509001303,29.230968338,1.86879543504,1.63985175927
BR,BBB,Baa2,BBB,,,7.81791545257,7.38540730189
PA,BBB,Baa2,BBB,,,3.47994900047,3.70002276222
PE,BBB,Baa2,BBB,19.2116503134,,2.11190077558,1.46822465699
LV,BBB,Baa3,BBB,41.5945367129,,3.58722477468,1.30550312957
IS,BBB-,Baa3,BBB,112.504031608,103.194762336,3.18879675605,1.84518483048
ES,BBB-,Baa3,BBB,83.4509462113,96.4723345684,0.0486511937957,0.569175379795
AW,A-,,BBB,,,,
TR,BB,Ba1,BBB-,43.5257380947,38.0102144259,6.90224514787,6.17067267095
HR,BB+,Ba1,BBB-,,,1.58127916587,0.804786937934
MA,BBB-,Ba1,BBB-,58.2247980554,,0.369357502517,1.51132820519
BG,BBB,Baa2,BBB-,17.20211519,,1.55869480049,-0.746419938462
ID,BB+,Baa3,BBB-,25.0343541104,,3.75387875324,4.70893968107
RO,BB+,Baa3,BBB-,41.4859518856,41.4945126369,4.91666925081,3.20988385449
AZ,BBB-,Baa3,BBB-,,,1.4413442652,1.02106670021
CO,BBB-,Baa3,BBB-,65.4503129801,58.6452511863,2.98898695559,1.89779682616
IN,BBB-,Baa3,BBB-,50.3113681182,,7.62581432707,6.25028547668
IE,BBB+,Ba1,BBB+,130.494773274,132.978597427,0.368812051892,1.18100332193
KZ,BBB+,Baa2,BBB+,,,4.82366642482,9.65990821918
AR,B-,B3,CC,,,18.6664479868,19.712471413
GR,B-,C,CCC,165.477789379,181.929564213,-0.370392027485,-2.53916332834
JM,SD,B3,RD,,,6.53394908782,8.35142232476
OM,A,A1,,,,4.93961760849,-1.44460498061
BW,A-,A2,,18.7150978815,,0.249194426865,2.10893705765
QA,AA,Aa2,,,,6.85008964838,1.4457413864
KP,A+,Aa3,,,,,
CYM,,Aa3,,,,,
MO,,Aa3,,,,7.11957650343,7.8534604412
IM,AA+,Aaa,,,,,
US,AA+,Aaa,,94.3288124759,96.157210381,1.79522517543,1.49005386948
FJ,B,B1,,,,3.49512912302,3.01445600407
AL,B+,B1,,,,1.03996061313,0.21887685182
PG,B+,B1,,,,-2.79013800555,2.21342354824
SN,B+,B1,,,,0.834208507852,-0.588373827959
KH,B,B2,,,,1.37374724192,2.24773346579
HN,B+,B2,,,,3.57978742614,1.37403051856
VC,,B2,,,,1.08983127586,2.28960040868
BA,B,B3,,47.7828042478,46.0035935981,0.878157603543,-0.287406938962
BY,B-,B3,,25.2243645811,,75.4385806262,21.0915820283
MDA,,B3,,,,,
NI,,B3,,,,7.09470083286,4.21274345766
BB,BB+,Ba1,,120.541898528,131.63152698,-1.3003044472,-0.741942963135
JO,BB,Ba2,,66.8235277364,,4.50061041731,5.59931472511
BD,BB-,Ba3,,,,8.16459774561,7.17496312253
ME,BB-,Ba3,,,,0.177026230345,2.06696836881
TO,A,Baa1,,,,2.49877438363,0.343305152328
BS,BBB,Baa1,,,,2.10522090481,2.37322958283
MUS,,Baa1,,,,,
SX,,Baa1,,,,,
,,Baa3,,,,,
BZ,SD,Ca,,74.4711450578,,1.94234491942,1.65311885873
PK,B-,Caa1,,,,5.96857438093,6.96404113186
CU,,Caa1,,,,2.91161450746,2.72438553814
AD,A-,,,,,1.09996692248,-0.000194384952721
LI,AAA,,,,,,
BJ,B,,,,,7.40210021606,1.62640189684
BF,B,,,,,5.82399947768,1.29089844534
CK,B+,,,,,,
MS,BBB-,,,,,,
GD,CCC+,,,,,3.92763388304,2.91604057428
GG,,,,,,,
LY,,,,,,18.9676594956,-6.75319150028
ML,,,,,,5.04457950314,0.685275343317
,,,,,,,
